address,name,phone
경기 성남시 분당구 백현로101번길 21,수내,Coming Soon
경남 김해시 김해대로 2232 이마트 1층,김해이마트,Coming Soon
경기 시흥시 은계번영길 21,시흥은계,Coming Soon
부산광역시 동구 중앙대로206,부산역,070-4090-3721
"서울시 송파구 송파대로 438 106호, 107호",석촌역,Coming Soon
경기 화성시 남양읍 시청로 6,화성남양,031-357-4637
전라북도 전주시 완산구 홍산중앙로 22,전주전북도청,063-903-1191
광주 남구 서문대로 749,광주주월,062-456-1181
광주 광산구 우산동 1588-1,광주하남,062-446-0072
광주 광역시 북구 북문대로117,광주운암,062-462-1125
"경남 거제시 고현동 35-8 104호,105호",거제고현,055-634-0979
경상북도 경산시 대동 166-6,경산영남대,053-818-7771
전라남도 무안군 삼향읍 남악3로 79,목포남악,061-980-3310
대구광역시 중구 달구벌대로 2076,대구반월당,070-4122-0077
대구광역시 남구 중앙대로 243,대구교대,053-622-6348
경기도 성남시 수정구 위례광장로 104,성남위례,031-602-6126
경기도 수원시 팔달구 아주로 49-1,수원아주대,031-211-0369
부산시 사상구 사상로211,부산사상,051-900-5226
충청남도 당진시 읍내동 225-1 금화빌딩 1층 101호,당진읍내,041-356-2731
"서울특별시 도봉구 도봉로 468, 1층 102호, 102-1호",쌍문역,02-999-5906
서울 서대문구 거북골로 23,명지대,02-374-7300
서울 강북구 삼양로 162,삼양솔샘,02-6952-3399
전남 목포 백년대로 342,목포상동,061-980-1191
대구 동구 검사동 957-21,대구동촌DT,070-8851-0101
경남 진주시 충의로 20-4 101-102호,진주혁신,055-758-0250
대구 서구 달구벌대로 1689,대구광장,053-573-3030
서울시 관악구 남부순환로 1904,낙성대역,02-877-6687
부산광역시 연제구 종합운동장로 7 부산홈플러스아시아드점 지하2층,부산홈플러스아시아드,051-506-0122
천안 동남구 청당동 512번지,천안청수,041-414-1421
서울시 강남구 봉은사로 627,봉은사역,02-545-5729
대구 북구 침산남로 157,대구침산,070-4138-0154
대구 수성구 달구벌대로 3201,대구시지,070-4146-5154
서울시 송파구 석촌호수로 298,석촌호수,02-424-0020
광주 광역시 광산구 장신로 133 1층,광주수완,062-419-1131
경기도 김포시 돌문로 43,김포사우,070-4234-3277
경기도 수원시 영통구 광교중앙로 145,광교엘포트,031-217-5570
서울특별시 종로구 대학로10길 11,대학로마로니에,02-762-5626
대구광역시 수성구 달구벌대로 2513,대구수성구청역,053-744-3688
부산 해운대구 해운대로 794 엘리움 빌딩 104호,부산좌동,051-731-7717
대구광역시 수성구 지범로 180 1F,대구지산,053-782-5761
경기도 용인시 수지구 성복2로 38,수지롯데몰,031-5174-2654
대구광역시 달서구 조암로 9,대구월성,053-643-8400
대구광역시 달성군 현풍읍 테크노상업로 62,대구테크노폴리스,070-8844-1379
"서울시 영등포구 시흥대로 681, 삼성YJ그랜드빌딩 신관동 1층",대림삼거리,02-847-8255
부산광역시 부산진구 엄광로 176,부산동의대,051-895-0407
부산광역시 강서구 명지국제8로 264,부산명지국제신도시,051-292-2588
서울시 성동구 왕십리로 328,왕십리,02-2295-1800
서울 강남구 논현로 84,포이사거리,02-577-5227
"부산광역시 남구 분포로 145 스퀘어동 1055호,1056호",부산 W스퀘어,051-626-3300
서울특별시 성북구 화랑로13길 10 (하월곡동),동덕여대,02-6404-2212
울산광역시 문수로 332,울산옥동,052-271-6600
서울시 영등포구 당산동6가 337-23,당산역,02-2636-1014
광주광역시 서구 치평로 86,광주상무,062-446-1131
서울시 송파구 송파대로 374,송파역,02-420-2160
충청남도 서산시 호수공원 12로 26,서산호수공원,041-663-7852
대구광역시 달서구 두류공원로 200,대구이월드,070-414-7000
"경기도 용인시 기흥구 동백중앙로 283 골드프라자 A동 105호, 106호",용인동백,031-285-4857
광주 광산구 첨단중앙로 110 1층,광주첨단,062-413-1121
경기도 성남시 수정구 수정로 179 (신흥동),성남태평,031-755-6785
제주도 제주시 아라2동 34-13,제주대점,064-752-7739
서울 영등포구 양평동4가 101-10,선유도역점,02-2632-1232
"대구광역시 북구 학정로 422, 1층",대구칠곡3지구,070-4246-5154
"광주광역시 북구 우치로 124, 1층",광주전남대후문,062-452-1121
부산광역시 해운대구 선수촌로 78,부산반여점,051-783-6384
대구광역시 달서구 월배로 222,대구상인역,053-643-0013
경기도 평택시 비전5로 15,평택비전,031-652-6777
서울시 송파구 올림픽로 293-19,잠실역,02-2202-1300
대구시 달서구 계대동문로 9,대구계대동문,053-593-5050
대구시 중구 동성로 6길 42,대구동성로2호,053-253-7801
인천광역시 남동구 구월동 1140-4,인천길병원,070-8888-3277
수원시 장안구 경수대로 927,수원장안구청,031-244-8490
경기도 수원시 영통구 봉영로 1576,수원홈플러스영통,031-202-3633
서울특별시 종로구 교북동 35-10,독립문,02-730-8255
서울시 강서구 등촌동 717 그레이스힐,가양역,02-2668-6777
"서울시 강서구 마곡동 776-4외 1필지 엠코지니어스타 제에이동 109,110호",양천향교역,02-3662-6697
부산광역시 부산진구 동천로 71,부산서면동천로,051-817-1232
경기도 화성시 동탄지성로 117,동탄센트럴파크,031-8003-8825
경기도 수원시 영통구 효원로 383,수원영통구청,031-217-7772
서울시 중구 새문안로 30,정동,02-737-0808
경기도 오산시 내삼미로 89,오산대역,031-378-8004
경기도 성남시 분당구 운중로 142 판교메디컬타워 1층,서판교,031-707-7911
경기도 김포시 풍무1로 65-1 풍무시티프라자,김포풍무역,031-984-0606
서울특별시 영등포구 국제금융로 6길 38,여의도화재보험,02-6951-1118
대구광역시 북구 대학로 87,경북대북문,053-951-7802
서울특별시 강남구 봉은사로 328,선정릉역,02-555-9389
부산광역시 해운대구 센텀1로 17 센텀프리미어호텔 108호,부산벡스코,051-741-6778
서울특별시 중구 다산로 153,약수역,02-2256-9891
서울특별시 종로구 종로 263-1,동대문역,02-747-9809
서울특별시 동대문구 답십리로 293,장안사거리,02-3390-4970
충청남도 천안시 서북구 충무로 201,천안충무로,041-579-4321
경기도 용인시 기흥구 구갈로 71-18 기흥더샵프라임뷰,용인기흥구청,031-284-3161
경기도 수원시 영통구 대학로 34,광교경기대후문,070-7750-2040
서울특별시 광진구 능동로 290 삼일빌딩,군자역,02-456-6444
서울특별시 동대문구 왕산로 15-1,신설동역,02-928-0258
경기도 시흥시 비둘기공원로 21 대야하이빌,시흥대야,031-317-4901
부산광역시 동구 조방로 14 동일타워 124호,부산범일,051-921-1375
서울특별시 구로구 경인로 445 동양미래대 8호관,동양미래대,02-2686-6890
인천광역시 서구 탁옥로 50,인천서구청,032-565-2481
경기도 성남시 중원구 산성대로372번길 10,성남단대오거리역,031-732-1137
서울특별시 강동구 동남로 75길 13-10,고덕역,02-427-0217
경상남도 진주시 새평거로 136,진주평거탑마트,055-748-0185
대전광역시 중구 대종로 488번길 25,대전은행,042-221-7050
경기도 수원시 권선구 금곡로 204,수원호매실,031-292-4862
서울특별시 마포구 월드컵북로54길 25 상암DMC 푸르지오시티 103호,상암DMC푸르지오시티,02-303-4566
서울특별시 광진구 아차산로 480,광장,02-455-2224
광주광역시 동구 중앙로 160번길 31-18,광주충장로,062-236-1121
충청북도 청주시 서원구 1순환로 676,청주충북대,043-267-7578
제주특별자치도 제주시 중앙로 252,제주시청,064-759-7739
제주특별자치도 제주시 국기로 1길 2,제주연동신시가지,064-711-1128
전라북도 군산시 공단대로 374,군산나운,063-464-1234
충청북도 청주시 청원구 대성로 301,청주대,043-252-8184
경기도 동두천시 평화로 2552-1,동두천,031-863-2270
대구광역시 중구 국채보상로 598,대구동성로,053-255-6841
부산광역시 남구 수영로 246,부산대연,051-612-7976
부산광역시 동구 중앙대로 365,부산진역,051-442-4142
부산광역시 연제구 과정로 237번길 119,부산토곡,051-753-6005
부산광역시 금정구 중앙대로 1719번길 30,부산장전역,051-704-3535
부산광역시 영도구 태종로 107,부산영도,051-417-7852
경상남도 김해시 능동로 149번길 8,김해장유,055-338-1263
부산광역시 수영구 수영로 462,부산남천,051-612-2231
부산광역시 동래구 명륜로 187번길 49,부산명륜,051-558-3210
경상남도 김해시 진영읍 김해대로361번길 16,김해진영,055-342-8781
부산광역시 연제구 중앙대로 1043,부산시청,051-868-4140
부산광역시 서구 구덕로 226번길 3,부산부민,051-254-6383
부산광역시 연제구 법원로 32번길 18,부산법원,051-507-1230
경상남도 김해시 가야로 163,김해삼계,055-339-4406
부산광역시 강서구 명지오션시티4로 61,부산명지,051-203-6767
경상남도 김해시 인제로 184 1층,김해인제대,055-325-5226
부산광역시 기장군 정관읍 정관로 565,부산정관,051-727-9900
부산광역시 북구 덕천1길 22,부산덕천,051-337-0217
경상남도 김해시 율하3로 42,김해율하,055-311-3940
부산광역시 부산진구 양지로 4,부산양정,051-868-7937
부산광역시 사상구 가야대로 366번길 43,부산주례,051-312-1588
부산광역시 금정구 금정로 60번길 40,부산대역,051-517-3331
부산광역시 해운대구 센텀5로 55,부산센텀,051-741-6777
부산광역시 남구 수영로 325번길 12,부산경성대,051-625-5617
부산광역시 부산진구 가야대로 784번길 23,부산서면롯데,051-809-8337
부산광역시 해운대구 구남로 42-1,부산해운대비치,051-731-2234
부산광역시 동래구 사직북로 7,부산사직,051-507-8434
부산광역시 중구 중앙대로 102,부산중앙,051-462-6200
경상남도 김해시 내외중앙로 74,김해내동,055-337-7735
부산광역시 수영구 광안해변로 239,부산광안비치,051-757-2232
부산광역시 금정구 부산대학로 48,부산대,051-513-3331
부산광역시 북구 화명신도시로 130,부산화명,051-361-1015
부산광역시 사하구 낙동대로 542,부산동아대,070-887-6604
부산광역시 남구 용소로 24,부산부경대,051-611-5617
부산광역시 중구 광복중앙로 3-1,부산광복,051-246-7789
부산광역시 부산진구 중앙대로 690,부산서면,051-802-9404
경상남도 창원시 성산구 가양로 124번길 5-5 103호,창원대방,055-274-7375
경상남도 창원시 진해구 냉천로 62,진해석동,055-552-2861
경상남도 창원시 마산합포구 3.15대로 1,마산경남대,055-246-3555
경상남도 창원시 의창구 용지로 169번길 3,창원용지호수,055-281-5353
경상남도 창원시 성산구 중앙대로100번길 9 리베라컨벤션 1층 107호,창원리베라,055-262-6985
경상남도 통영시 통영해안로 317-1,통영문화마당,055-641-0760
울산광역시 동구 방어진순환도로 662,울산일산,052-252-8000
경상남도 창원시 성산구 단정로 25,창원상남,055-275-4756
경상남도 창원시 마산회원구 합성옛길 137,마산합성,055-253-0202
경상남도 거창군 거창읍 중앙로 120,경남거창,055-945-0020
울산광역시 중구 시계탑거리 17,울산성남,052-246-5078
경상남도 진주시 진양호로 525,진주중안,055-748-9994
울산광역시 남구 삼산로 11,울산공업탑,052-267-2121
경상남도 진주시 진주대로 548,진주경상대,055-755-3477
울산광역시 남구 대학로 108,울산무거,052-249-5008
울산광역시 남구 삼산로 267번길 6-15,울산삼산,052-227-7700
경상남도 양산시 물금읍 범어로 60,경남남양산,055-367-7888
경상남도 거제시 아주1로2길 62,거제아주,055-681-5952
울산광역시 남구 신정로 37,울산달동,052-266-5007
경상남도 양산시 양산역2길 3,경남양산,055-381-1100
충청남도 아산시 배방읍 모산로 123,아산배방,041-532-8220
대전광역시 중구 태평로 71,대전태평,042-300-7707
대전광역시 유성구 계룡로 42-1,대전유성터미널,042-822-7006
대전광역시 서구 도안북로 93번길 31,대전목원대,042-825-4080
대전광역시 유성구 유성대로 1732,대전전민,042-867-6841
대전광역시 대덕구 한남로 25번길 5,대전한남대,042-621-6213
대전광역시 동구 동구청로 95,대전가오,042-272-9085
대전광역시 동구 동대전광역시로 168,대전우송대,042-622-5979
대전광역시 유성구 대학로 291 정문술빌딩 1층,대전카이스트,042-863-7001
충청남도 천안시 동남구 대흥로 228 삼영빌딩 104호,천안역,041-555-0071
대전광역시 유성구 한밭대로 414,대전충남대정문,042-824-1003
충청남도 천안시 서북구 불당25로 138,천안신불당,041-558-0017
대전광역시 중구 계백로 1715 102호,대전오류,042-528-4312
대전광역시 서구 월평북로 95,대전월평선사,042-486-1363
대전광역시 서구 문정로 88,대전탄방,042-488-6013
대전광역시 유성구 노은로 150,대전노은,042-822-4042
충청남도 공주시 흑수골길 35,공주신관,041-881-1124
충청남도 아산시 번영로224번길 4,아산터미널,041-548-8484
대전광역시 서구 계룡로 626,대전용문,042-525-2991
대전광역시 서구 둔산로 130 1층 111호,대전시청,042-489-1117
세종특별자치시 절재로 194,세종정부청사,044-865-5899
충청남도 아산시 온궁로 24-2,아산온양,041-544-2700
충청남도 천안시 서북구 두정로 165,천안두정,041-555-2992
충청남도 천안시 서북구 월봉로 79,천안쌍용,041-572-4466
대전광역시 서구 관저로 142,대전관저,042-543-0303
대전광역시유성구 관들1길 49,대전관평,042-935-5600
충청남도 천안시 서북구 서부2길 78,천안성정,041-587-2345
대전광역시 서구 둔산로 18,대전둔산,042-488-5200
대전광역시 유성구 궁동로18번길 10,대전궁동,042-822-5154
충청남도 천안시 동남구 만남로 22,천안신부,041-569-0003
경기도 부천시 신흥로 170,부천위브더스테이트,032-611-0420
경기도 광명시 광명로 892-1,광명사거리역,02-2682-2111
경기도 부천시 부일로 725,부천역곡역,032-876-4908
경기도 광명시 금하로 464,광명소하,02-899-6747
경기도 광명시 철산로 15,광명철산역,02-2611-8006
경기도 고양시 덕양구 충장로 11,일산행신,031-994-8929
경기도 김포시 김포한강4로 118,김포장기동,031-987-3824
경기도 시흥시 중심상가로 195,시흥정왕,031-433-0036
인천광역시 서구 서곶로 837,인천완정역,032-564-0837
경기도 고양시 덕양구 권율대로 901,일산고양삼송,02-381-9257
인천광역시 미추홀구 인하로 100,인천인하대,070-8835-3277
경기도 고양시 일산서구 중앙로 1581,일산대화역,031-915-1995
인천광역시 남동구 호구포로 818 퍼스트하임프라자 1층,인천모래내시장역,032-466-5882
경기도 고양시 일산서구 일산로 539,일산후곡,031-924-7738
경기도 시흥시 배곧3로 96,시흥배곧신도시,031-433-1301
경기도 고양시 일산동구 일산로 233,일산백마학원가,031-902-5250
경기도 고양시 일산동구 중앙로 1036 1층,일산고양터미널,031-936-7497
경기도 김포시 김포한강2로23번길 72 2층 213호,김포라베니체마치에비뉴,031-981-0802
인천광역시 미추홀구 주안로 89,인천주안역,032-876-4909
인천광역시 중구 신도시남로142번길 6,인천운서메가스타,032-746-4538
경기도 고양시 일산서구 일현로 97-11,일산탄현,031-913-7977
경기도 부천시 석천로169번길 22,부천시청,032-321-3277
인천광역시 계양구 경명대로 1055,인천계산역,032-547-5550
인천광역시 남동구 구월동 1454-1(예술로 140번길 33) 화성빌딩 102호,인천구월동로데오,032-432-7999
경기도 고양시 일산서구 중앙로 1415,일산주엽역,031-915-7649
인천광역시 부평구 부평문화로 63,인천부평중앙,032-521-6789
인천광역시 계양구 계산새로 85,인천계양구청,032-551-0886
인천광역시 부평구 체육관로 24,인천삼산,032-507-7883
인천광역시 연수구 먼우금로 194 메카오피스텔,인천연수,032-815-7707
경기도 고양시 일산동구 장항동 890-5 굿모닝 법조타운 제 1층 101호 (중앙로 1191),일산마두역,031-906-3226
인천광역시 연수구 송도과학로16번길 33-3 송도 트리플스트리트,인천송도트리플스트리트,032-310-9545
인천광역시 서구 청라라임로 65 라임타워,인천청라,032-561-3380
인천광역시 남동구 청능대로 583 중앙프라자,인천논현,032-435-5955
인천광역시 연수구 센트럴로 194 더샵센트럴파크2 A동 108호,인천송도센트럴파크,032-834-3227
경기도 고양시 덕양구 화정로 69 한화꿈에그린아파트,일산화정,031-966-9668
경기도 부천시 부일로 448 프리존빌딩,부천역,032-611-1301
인천광역시 연수구 신송로 122,인천송도,032-831-2530
경기도 고양시 일산서구 일산동 1681-1 엑셀런트 빌딩 103호 (일중로 46),일산산들,031-975-2533
인천광역시 부평구 부흥로 264,인천부평시장역,032-522-6789
경기도 부천시 상동로 87 가나베스트타운 103호,부천상동,032-323-1706
경기도 부천시 부일로 202-13,부천송내역,032-323-0265
경기도 고양시 일산서구 호수로 817,일산레이킨스몰,031 9245684
경기도 고양시 일산동구 정발산로 38 장항동이스턴시티,일산동구청,031-906-6754
경기도 부천시 길주로 288,부천중동,032-321-9757
경기도 평택시 중앙2로 16,평택로데오,031-655-1386
경기도 수원시 영통구 덕영대로 1707,수원경희대,031-204-3434
경기도 성남시 분당구 성남대로925번길 16,성남터미널,031-705-7022
경기도 용인시 수지구 신수로 767 분당수지유타워 제B동 111호,용인동천,031-525-3336
경기도 안양시 동안구 관악대로 486,안양인덕원역,031-423-1230
경기도 용인시 처인구 명지로 17,용인처인,031-332-3070
경기도 수원시 영통구 센트럴타운로 107,광교중앙,031-211-8886
경기도 용인시 기흥구 죽전로 20 죽전누리에뜰아파트 상가 B동 121호,용인죽전,031-889-8089
"경기도 화성시 향남읍 향남로 392 우성메디피아 1층 103호, 104호",화성향남,031-353-3070
경기도 화성시 효행로 1063,화성병점,031-237-8828
경기도 성남시 중원구 성남대로997번길 51-20,성남시청,031-745-3030
경기도 안산시 상록구 한양대학로 60,안산한양대,031-409-9007
경기도 용인시 수지구 광교중앙로 305,광교상현역,031-212-1877
경기도 수원시 영통구 봉영로 1623,수원영통,031-204-2224
경기도 성남시 분당구 판교로227번길 6,판교브릿지타워,031-608-1409
경기도 안양시 동안구 시민대로327번길 6 112호,안양평촌스마트스퀘어,031-425-8511
경기도 화성시 동탄대로 181 A동,동탄호수공원,031-374-3745
경기도 안산시 단원구 예술대학로 17,안산중앙,031-414-4210
경기도 군포시 광정로 60,산본로데오,031-391-0776
경기도 안성시 중앙로 401,안성중앙,031-675-2716
경기도 안산시 상록구 광덕1로 385,안산한대역,031-418-1900
경기도 안양시 만안구 만안로223번길 7,안양1번가,031-464-5210
경기도 화성시 동탄반석로 156 동탄하이페리온,동탄하이페리온,031-8003-8878
경기도 평택시 평남로 941,평택소사벌,031-651-2122
경기도 안산시 단원구 광덕대로 151,안산고잔,031-414-4200
경기도 화성시 동탄솔빛로 48,동탄나루,031-8003-1138
경기도 수원시 장안구 서부로 2066 성균관대학교 학생회관 2층,수원성균관대,031-290-5448
경기도 수원시 팔달구 권광로 204,수원인계,031-267-0533
경기도 용인시 수지구 수지로296번길 47 수석빌딩,용인수지,031-898-0831
경기도 성남시 분당구 성남대로 43번길 10,분당오리역,031-711-5352
경기도 안양시 동안구 시민대로 167 안양벤처텔,안양범계,031-440-8490
경기도 안양시 동안구 평촌대로 119 원평비젼프라자,안양평촌학원가,031-385-5027
경기도 성남시 분당구 성남대로916번길 20 노블리치1오피스텔,분당야탑,070-8800-8076
경기도 성남시 분당구 성남대로 331번길 13,분당정자,070-8882-8212
경기도 성남시 분당구 돌마로 52,분당미금역,031-717-5695
경기도 수원시 영통구 영통로 195 골든스퀘어,수원망포역,031-205-5508
경기도 성남시 분당구 대왕판교로 670,판교테크노밸리,031-739-8300
경기도 성남시 분당구 서현로 184 엘지분당에클라트,분당서현,031-709-2220
서울특별시 강남구 선릉로 653,강남구청역,02-545-0806
서울특별시 서초구 강남대로 499,신논현역,02-544-1014
서울특별시 강남구 압구정로 28길 13,압구정역,02-548-1014
서울특별시 서초구 법원로1길 1,서초법원,02-595-1718
서울특별시 강남구 테헤란로 337,선릉,02-557-5004
서울특별시 금천구 가산디지털1로 165 가산비지니스센터 102호,가산디지털단지,021-544-1852
서울특별시 강남구 봉은사로 206 대명빌딩,언주역,02-557-8805
서울특별시 영등포구 국회대로62길 25 교육시설재난공제회관,여의도KBS 본관,02-782-1518
서울특별시 금천구 시흥대로 399 1층 112호,독산,02-803-2346
서울특별시 강서구 마곡중앙6로 93,발산역,02-3663-6837
서울특별시 송파구 법원로 114 현대엠스테이트 C동 119호,문정역,02-3012-1259
서울특별시 영등포구 선유로 70,문래,02-2637-3002
서울특별시 강남구 삼성로 520,삼성,02-2051-2008
서울특별시 동작구 노량진로 166,노량진,02-812-1014
서울특별시 영등포구 국회대로 70길 19,여의도국회의사당,02-761-1003
서울특별시 강남구 테헤란로 25길 20,역삼,02-501-1554
서울특별시 강동구 성안로 147,강동성심병원,02-476-1131
서울특별시 강동구 올림픽로 664,천호,02-485-1077
서울특별시 양천구 목동서로 349 센트럴프라자,양천구청,02-2652-2521
서울특별시 강남구 강남대로66길 6,강남우성,02-553-5232
서울특별시 서초구 강남대로 535 프린스빌딩,논현역,02-512-1014
서울특별시 영등포구 영중로 25,영등포,02-2635-5255
서울특별시 송파구 올림픽로 130,잠실새내역,02-425-5582
서울특별시 동작구 보라매로3길 29 해태보라매타워,보라매,02-832-2522
서울특별시 송파구 충민로 5 송파한화오벨리스크,문정법조,02-403-7344
서울특별시 관악구 신림로 344 SK허브그린,신림역,02-888-4455
서울특별시 양천구 오목로 315,오목교,02-2644-5368
서울특별시 양천구 오목로 238 론드사옥,목동역,02-2603-5368
서울특별시 강남구 남부순환로 2611,양재,02 5710282
서울특별시 서초구 서초중앙로22길 47 문화빌딩,교대,02-581-0696
서울특별시 강남구 도산대로 124 대영빌딩,신사역,02-546-2007
서울특별시 강남구 일원로3길 4,대청,02-459-7975
서울특별시 동작구 사당로 12-1,숭실대,02-812-3552
서울특별시 강서구 강서로 159-1,화곡역,02-260-3535
"서울시 서초구 효령로 111, 1층",방배점,02-896-6000
서울특별시 동작구 흑석로 79,중앙대(서울),02-815-6429
서울특별시 관악구 관악로 156,서울대,02-887-6887
서울특별시 구로구 디지털로34길 55 코오롱싸이언스밸리 2차 109호,구로디지털,02-850-2508
서울특별시 강남구 강남대로96길 12,강남역,02-557-4727
서울특별시 강남구 삼성로 151 선경아파트5동 5,대치도곡,02-567-0034
서울특별시 은평구 서오릉로 150,구산역,02-355-4650
"서울특별시 중구 장충단로 227-2,1~2F",동대문역사문화공원역,02-2269-2100
서울특별시 성북구 정릉로 77,국민대학교,02-910-6895
서울 중구 명동길 74 명동성당 118호,명동성당,02-318-6202
서울특별시 광진구 아차산로 241 연한빌딩 102호,건대입구,02-499-9292
서울특별시 종로구 종로 347,동묘앞역,02-743-1350
서울특별시 성동구 아차산로 113,성수역,02-497-2800
서울특별시 성동구 왕십리로 410 센트라스,상왕십리,02-2296-9898
서울특별시 성동구 왕십리로 108-1,서울숲,02-499-2900
서울특별시 광진구 천호대로 666,아차산역,02-455-5440
서울시 종로구 계동길 5,북촌,02-747-4400
서울특별시 용산구 한강대로23길 55 아이파크몰 서관 4층,용산아이파크몰,02-2012-0406
서울특별시 강북구 도봉로 209,미아역,02-946-1596
서울특별시 용산구 청파로 74 전자랜드 본관 A동 104호,용산전자랜드,02-706-6227
서울특별시 은평구 은평로 108 101호,응암,02-357-1479
서울특별시 광진구 강변역로4길 10,강변역,02-446-0423
서울특별시 노원구 광운로 57,광운대역,02-942-7779
서울특별시 광진구 자양로 113 구의 현대 하이엘 103-4호,구의,02-446-6444
서울특별시 마포구 월드컵로 34길 7,마포구청,02-307-6196
서울특별시 중구 퇴계로 388,신당역,02-2231-7088
서울특별시 강북구 오패산로 417,수유역,029981641
서울특별시 도봉구 마들로11길 61,창동역,02-903-6363
"서울특별시 광진구 뚝섬로34길 67 광진트라팰리스 101호, 102호",뚝섬유원지역,02-467-4556
서울특별시 성북구 길음로 7길 6,길음뉴타운,02-918-7432
서울특별시 광진구 동일로20길 106,건대로데오,02-461-7900
서울특별시 마포구 마포대로 109 롯데캐슬프레지던트,공덕역롯데캐슬,02-713-7775
서울특별시 중랑구 용마산로115길 127 한일써너스빌리젠시1단지,망우,02-432-9888
서울특별시 마포구 와우산로 117 102호,홍대아트,02-336-0522
서울특별시 종로구 성균관로 41,성균관대,02-3673-0100
서울특별시 중랑구 망우로 203,중랑역,02-437-7300
서울특별시 용산구 대사관로 63,한남,02-790-2286
서울특별시 마포구 와우산로 44 1층,상수역,02-323-6934
서울특별시 중구 을지로 103-1,을지로3가,02-2275-9890
서울특별시 중구 소공로 35 남산롯데캐슬아이리스,회현,02-3789-6467
서울특별시 은평구 연서로 215-1,연신내,02-352-1500
"서울특별시 서대문구 통일로 432-1, 1층",홍제역,02-736-6535
서울특별시 강북구 도봉로 41-1,미아사거리역,02-988-1641
서울특별시 용산구 한강대로30길 25 아스테리움 용산,용산아스테리움,02-795-2223
서울특별시 서대문구 연세로 23,신촌로데오,02-322-9431
서울특별시 중구 칠패로 27 순화동 the# 주상복합,순화동라마다,02-776-4518
서울특별시 중구 남대문로 112,을지로입구,02-730-8777
서울특별시 서대문구 북가좌동 수색로 100,가재울,02-303-1133
서울특별시 종로구 종로 213-1,종로5가,02-766-7537
서울특별시 성북구 보문로 34길 78,성신여대,02-923-4010
서울특별시 마포구 양화로 45 메세나폴리스,합정역메세나폴리스,02-384-9890
서울특별시 성북구 동소문로 10,한성대,02-744-4949
서울특별시 노원구 노해로 502,노원,02-936-0501
서울특별시 종로구 새문안로 3길 19,광화문,02-723-7222
서울특별시 서대문구 이화여대7길 30,이대,02-364-8870
서울특별시 종로구 동숭길 101 현대엘리베이터,대학로,02-764-5656
서울특별시 종로구 사직로 115,경복궁,02-725-5926
서울특별시 서대문구 연희로 93 연희오피스텔,연희,02-333-0388
서울특별시 용산구 한강대로 271,남영역,02-706-5007
서울특별시 은평구 진관2로 29-21 드림스퀘어,구파발역,02-3157-3167
서울특별시 마포구 월드컵북로 361 DMC 이안상암2단지,상암,02-533-9464
서울특별시 동대문구 경희대로4길 6,경희대,02-957-1589
서울특별시 노원구 공릉로 207,공릉,02-977-0045
서울특별시 서대문구 연세로 50-1 연세공학원,연세대,02-312-8725
서울특별시 종로구 삼일대로 391,종로삼일대로,02-737-0501
서울특별시 서대문구 충정로 23 풍산빌딩 지하 2층,충정로,02-393-8609
서울특별시 광진구 광나루로 390,세종대,02-465-3285
서울특별시 마포구 월드컵로 87 마포로얄프라자,망원역,02-338-9933
서울특별시 중구 세종대로 68 천일빌딩,시청,02-777-9200
서울특별시 중랑구 망우로 312,상봉역,02-432-4375
서울특별시 종로구 우정국로 69 동일빌딩,안국,02-735-9000
서울특별시 중구 퇴계로 204,충무로역,02-2272-9977
서울특별시 용산구 후암로 107 게이트웨이타워,서울역동자,02-777-8552
서울특별시 마포구 백범로 11,서강대,02-713-2055
서울특별시 성북구 안암동 5가 인촌로 88,고려대,02-922-8413
서울특별시 마포구 마포대로 53 마포트라팰리스,마포,02-715-0080
서울특별시 용산구 청파로47길 42,숙명여대,02-702-2454
서울특별시 서대문구 신촌로 121 아남오피스텔,신촌,02-3147-1248
서울특별시 동대문구 휘경로 14,외대,070-4137-7702
서울특별시 마포구 홍익로 10,홍대,02-324-6688
서울특별시 종로구 종로 77 통일빌딩,종로,02-737-0034
"서울특별시 성동구 마조로 11, 1층",한양대,02-2299-3555
서울특별시 종로구 창경궁로 234 동화빌딩,성대,02-741-0677
-,군산 KE (미군부대 매장),00
-,대구 FC (미군부대 매장),00
-,왜관 FC (미군부대 매장),00
-,평택 ZMM (미군부대 매장),00
-,평택 HMM (미군부대 매장),00
-,평택 USFKHQ (미군부대 매장),00
-,평택 TMM (미군부대 매장),00
-,평택 FC (미군부대 매장),00
-,오산 FC (미군부대 매장),00
-,성남 K-16 FC (미군부대 매장),00
-,용산 DHL (미군부대 매장),00
